Threshold,Accuracy,Sparsity
0, 0.9649122807017544,0
0.01,0.9649122807017544,0.03
0.011,0.9649122807017544,0.037
0.012,0.8070175438596491,0.049
